experiment_id,temperature,top_p,max_tokens,frequency_penalty,presence_penalty,output_text,word_count,length_assessment,repetition_ratio,coherence,creativity,repetition,topic_drift,judge_note
exp_01,0.0,1.0,180,0.0,0.0,"Artificial intelligence (AI) is increasingly being used in healthcare to improve patient outcomes, streamline clinical workflows, and enhance decision-making. AI algorithms can analyze vast amounts of medical data, including electronic health records, medical images, and genomic information, to identify patterns and predict patient outcomes. This enables healthcare professionals to make more informed decisions about diagnosis, treatment, and patient care.

AI-powered chatbots and virtual assistants can also help patients with routine tasks, such as scheduling appointments and answering medical questions. Additionally, AI-driven predictive analytics can help identify high-risk patients and prevent hospital readmissions. In medical imaging, AI algorithms can help detect diseases such as cancer and cardiovascular disease more accurately and quickly. Overall, AI has the potential to revolutionize healthcare by improving patient care, reducing costs, and enhancing the overall quality of care. Its applications are vast and continue to grow in the field of healthcare.",149,near_target,0.3356,5,3,1,1,"The response provides a clear and well-structured explanation of AI in healthcare, but some points feel generic and could be more original. The text stays fully on topic and does not contain any problematic repetition."
exp_02,0.3,1.0,180,0.0,0.0,"Artificial intelligence (AI) is increasingly being used in healthcare to improve patient outcomes and streamline clinical workflows. AI algorithms can analyze vast amounts of medical data, including electronic health records, medical images, and genomic information, to identify patterns and make predictions. This enables healthcare professionals to diagnose diseases more accurately and at an earlier stage. AI-powered chatbots and virtual assistants can also help patients with routine tasks, such as scheduling appointments and answering medical questions. Additionally, AI can help personalize treatment plans by analyzing individual patient characteristics and medical histories. AI-powered robots can assist with surgeries, and AI-driven analytics can help identify high-risk patients and prevent hospital readmissions. Overall, AI has the potential to revolutionize healthcare by improving patient care, reducing costs, and enhancing the overall quality of care. Its applications are vast and continue to expand as technology advances.",144,near_target,0.3056,5,4,1,1,"The response provides a clear and well-structured explanation of AI in healthcare, covering various applications and benefits. The only area for improvement is in creativity, as the response does not introduce any particularly novel or groundbreaking ideas."
exp_03,0.7,1.0,180,0.0,0.0,"Artificial intelligence (AI) is increasingly being used in healthcare to improve patient outcomes and streamline clinical processes. AI algorithms can analyze vast amounts of medical data, including electronic health records, medical images, and genomic data, to identify patterns and make predictions. This enables doctors to diagnose diseases more accurately and at an earlier stage, leading to better treatment outcomes. AI-powered chatbots and virtual assistants are also being used to support patients with routine queries and tasks, freeing up clinicians to focus on more complex cases. Additionally, AI is being used to develop personalized treatment plans, predict patient readmissions, and identify high-risk patients. Furthermore, AI-powered robots are being used in surgery to assist with procedures and improve patient recovery times. By leveraging AI, healthcare providers can improve the quality, efficiency, and safety of patient care. AI's potential to transform healthcare is vast and continues to grow.",149,near_target,0.3557,5,4,2,1,"The response provides a clear and well-structured explanation of AI's applications in healthcare. However, some phrases, such as 'By leveraging AI, healthcare providers can improve the quality, efficiency, and safety of patient care,' feel somewhat generic and could be more original. Additionally, there is some minor repetition in the use of similar phrases to describe AI's benefits."
exp_04,1.0,1.0,180,0.0,0.0,"Artificial intelligence (AI) plays a significant role in healthcare, revolutionizing the way medical professionals diagnose, treat, and manage patient care. AI algorithms analyze vast amounts of data, including electronic health records, medical images, and genomic information, to identify patterns and predict patient outcomes. This enables early diagnosis and intervention, improving patient care and survival rates. AI-powered chatbots and virtual assistants also support patients by providing personalized health advice, answering medical queries, and triaging non-emergency situations. In addition, AI-assisted analysis of medical images helps doctors detect diseases such as cancer and cardiovascular disease with greater accuracy. AI-driven predictive modeling helps healthcare systems optimize resource allocation, streamline clinical workflows, and reduce costs. Furthermore, AI-powered robots and autonomous systems assist with surgical procedures and patient care, enhancing patient safety and comfort. Overall, AI has the potential to transform healthcare, making it more patient-centered, efficient",147,near_target,0.2653,5,4,1,1,"The response provides a clear and comprehensive overview of AI's applications in healthcare, with a good balance of specific examples and general statements. The writing is engaging and easy to follow. However, some of the sentences are quite similar in structure and content, which slightly detracts from the overall coherence. The response stays firmly on topic, with no notable deviations from the subject of AI in healthcare."
exp_05,0.7,0.6,180,0.0,0.0,"Artificial intelligence (AI) is increasingly being utilized in the healthcare industry to enhance patient care and streamline clinical workflows. AI algorithms can analyze vast amounts of medical data, including electronic health records, medical images, and genomic information, to identify patterns and make predictions about patient outcomes. This enables healthcare professionals to make more informed decisions and develop personalized treatment plans.

AI-powered chatbots and virtual assistants can also help patients with routine tasks, such as scheduling appointments and answering medical questions. Additionally, AI-driven diagnostic tools can help detect diseases, such as cancer, at an early stage, improving treatment outcomes.

Furthermore, AI can help optimize hospital operations, including supply chain management, patient flow, and resource allocation. By automating routine tasks and improving decision-making, AI has the potential to improve patient outcomes, reduce healthcare costs, and enhance the overall quality of care. Its applications in healthcare are vast and continue to grow",152,near_target,0.3158,5,3,1,1,"The response provides a clear and well-structured explanation of AI's applications in healthcare. While it doesn't offer any groundbreaking or notably original ideas, it effectively covers various aspects of AI in healthcare, making it a coherent and informative response."
exp_06,0.7,1.0,120,0.0,0.0,"Artificial intelligence (AI) is increasingly being utilized in healthcare to enhance patient care and improve outcomes. AI algorithms are being applied to analyze large datasets, identify patterns, and make predictions. In medical imaging, AI-assisted computer vision can detect abnormalities and diagnose conditions such as cancer and diabetic retinopathy with high accuracy. AI-powered chatbots and virtual assistants can also assist with patient engagement, medication adherence, and appointment scheduling.

Additionally, AI can help streamline clinical workflows, such as predicting patient readmissions and identifying high-risk patients. AI-powered decision support systems can provide healthcare professionals with real-time recommendations and",100,too_short,0.27,5,3,1,1,"The response provides a clear and well-structured explanation of AI in healthcare, but some points feel like generic applications of AI. The text stays fully on topic and does not contain any problematic repetition."
exp_07,0.7,1.0,220,0.8,0.0,"Artificial intelligence (AI) is increasingly being applied in healthcare to improve patient outcomes and streamline clinical workflows. AI algorithms can analyze vast amounts of medical data, including electronic health records, medical images, and genomic information, to identify patterns and insights that may have gone unnoticed by human clinicians. In diagnosis, AI-powered systems can help doctors detect diseases such as cancer, diabetes, and cardiovascular disease more accurately and at an earlier stage. Additionally, AI can assist with personalized medicine by tailoring treatment plans to individual patients based on their unique characteristics and medical histories. AI can also help with administrative tasks, such as scheduling appointments and managing patient data, freeing up clinicians to focus on more complex and high-value tasks. By augmenting human capabilities, AI has the potential to revolutionize healthcare and improve patient care. Its applications continue to expand and evolve in the field.",146,near_target,0.2945,5,4,1,1,"The response provides a clear and well-structured explanation of AI's applications in healthcare, with a good balance of specific examples and general statements. The only area for improvement is in creativity, as the ideas presented are not particularly new or innovative, but rather a summary of existing knowledge in the field."
exp_08,0.7,1.0,220,0.0,0.8,"Artificial intelligence (AI) is increasingly being used in healthcare to improve patient outcomes, streamline clinical workflows, and reduce costs. AI algorithms can analyze vast amounts of medical data, including electronic health records, medical images, and genomic information, to identify patterns and make predictions. This enables healthcare professionals to diagnose diseases more accurately and quickly, as well as personalize treatment plans for individual patients. AI-powered chatbots and virtual assistants can also provide patients with personalized health advice and support. Additionally, AI can help with medical research, identifying potential new treatments and improving clinical trials.

AI is being used in various healthcare applications, including disease diagnosis, patient monitoring, and personalized medicine. It can also help with administrative tasks, such as scheduling appointments and managing medical records. By leveraging AI, healthcare providers can improve the quality of care, reduce costs, and enhance patient satisfaction.",142,near_target,0.338,5,3,1,1,"The response provides a clear and well-structured explanation of AI in healthcare, but some points feel a bit generic and could be more original. The text stays fully on topic and does not contain any problematic repetition."
