stage,name,prompt,output
1,summarize_article,"Summarize the following article in 3 concise bullet points.

Article:
City officials in Lahore announced a six-month pilot program that uses an artificial intelligence
triage assistant in three public hospitals. The system reads short nurse notes, assigns a risk
level, and recommends whether a patient should be sent to emergency care, a specialist, or a
routine clinic queue. According to the provincial health department, the pilot is meant to reduce
waiting times during evening rush hours, when emergency units become overcrowded. Doctors remain
responsible for all final medical decisions, but hospital administrators said the AI tool can help
staff prioritize cases more consistently.

The pilot will be evaluated using four measures: average waiting time, number of high-risk cases
identified within ten minutes, patient satisfaction scores, and the rate of disagreement between
the AI recommendation and the physician's final decision. Health officials said the system was
trained on anonymized hospital records and reviewed by a local ethics committee before deployment.
Civil society groups welcomed the effort to improve hospital efficiency, but they also asked the
government to publish audit reports on bias, data privacy, and error rates before expanding the
program across the province.","Here are 3 concise bullet points summarizing the article:

• Lahore city officials have launched a 6-month pilot program using an AI triage assistant in 3 public hospitals to reduce waiting times during evening rush hours.
• The AI system reads nurse notes, assigns a risk level, and recommends patient care, while doctors remain responsible for final medical decisions.
• The pilot will be evaluated on waiting times, high-risk case identification, patient satisfaction, and AI-physician agreement rates, with civil society groups calling for transparency on bias, data privacy, and error rates."
2,extract_key_facts,"Using the summary below, extract the key facts as a JSON object with keys location, duration, technology, hospitals, evaluation_metrics, concerns.

Summary:
Here are 3 concise bullet points summarizing the article:

• Lahore city officials have launched a 6-month pilot program using an AI triage assistant in 3 public hospitals to reduce waiting times during evening rush hours.
• The AI system reads nurse notes, assigns a risk level, and recommends patient care, while doctors remain responsible for final medical decisions.
• The pilot will be evaluated on waiting times, high-risk case identification, patient satisfaction, and AI-physician agreement rates, with civil society groups calling for transparency on bias, data privacy, and error rates.","{
  ""location"": ""Lahore"",
  ""duration"": ""6 months"",
  ""technology"": ""AI triage assistant"",
  ""hospitals"": ""3 public hospitals"",
  ""evaluation_metrics"": [
    ""waiting times"",
    ""high-risk case identification"",
    ""patient satisfaction"",
    ""AI-physician agreement rates""
  ],
  ""concerns"": [
    ""bias"",
    ""data privacy"",
    ""error rates""
  ]
}"
3,classify_topic,"Classify the topic of this news item into exactly one label from: politics, technology, health, business, education, environment.

Facts:
{
  ""location"": ""Lahore"",
  ""duration"": ""6 months"",
  ""technology"": ""AI triage assistant"",
  ""hospitals"": ""3 public hospitals"",
  ""evaluation_metrics"": [
    ""waiting times"",
    ""high-risk case identification"",
    ""patient satisfaction"",
    ""AI-physician agreement rates""
  ],
  ""concerns"": [
    ""bias"",
    ""data privacy"",
    ""error rates""
  ]
}

Return JSON only with keys topic and justification.","{
  ""topic"": ""health"",
  ""justification"": ""The news item mentions hospitals, patient satisfaction, and AI triage assistant, which are all related to healthcare.""
}"
4,generate_tweet,"Write a tweet-length summary under 280 characters based on the article summary and topic.

Summary:
Here are 3 concise bullet points summarizing the article:

• Lahore city officials have launched a 6-month pilot program using an AI triage assistant in 3 public hospitals to reduce waiting times during evening rush hours.
• The AI system reads nurse notes, assigns a risk level, and recommends patient care, while doctors remain responsible for final medical decisions.
• The pilot will be evaluated on waiting times, high-risk case identification, patient satisfaction, and AI-physician agreement rates, with civil society groups calling for transparency on bias, data privacy, and error rates.

Topic:
{
  ""topic"": ""health"",
  ""justification"": ""The news item mentions hospitals, patient satisfaction, and AI triage assistant, which are all related to healthcare.""
}","""Lahore launches 6-month AI triage pilot in 3 hospitals to reduce evening waiting times. AI-assisted system will be evaluated on waiting times, high-risk case identification, and patient satisfaction. #healthcare #AIinHealth"""
