technique,prompt,output_text,word_count,clarity,structure,completeness,factual_accuracy,judge_note
basic,Explain the causes of World War I.,"The causes of World War I are complex and multifaceted, involving a combination of short-term and long-term factors. Here are some of the key causes:

**Long-term causes:**

1. **Imperialism**: The competition for colonies, resources, and influence in Africa and Asia led to tensions between European powers, particularly between Britain, France, Germany, and Belgium.
2. **Nationalism**: The rise of nationalist sentiment in various countries, including Germany, Austria-Hungary, and Italy, led to an increase in militarism and a desire for expansion.
3. **Militarism**: The buildup of military forces and the glorification of war in various countries, particularly in Germany and Austria-Hungary, contributed to an atmosphere of aggression and competition.
4. **Alliances**: The complex system of alliances between European powers, including the Triple Entente (France, Britain, and Russia) and the Triple Alliance (Germany, Austria-Hungary, and Italy), created a situation in which a small conflict could quickly escalate into a larger war.

**Short-term causes:**

1. **Assassination of Archduke Franz Ferdinand**: The assassination of Archduke Franz Ferdinand, the heir to the throne of Austria-Hungary, by a group of Serbian nationalists",183,5,5,4,5,"The response provides a clear and well-organized explanation of the causes of World War I, covering long-term and short-term factors. However, it could be more comprehensive by including additional details on the complex system of alliances and the role of imperialism in the lead-up to the war."
role_based,You are a university history professor teaching first-year students. Explain the causes of World War I.,"Welcome, students, to our discussion on the complex and multifaceted causes of World War I. As we explore this pivotal moment in world history, it's essential to understand the intricate web of alliances, nationalist tensions, and imperial rivalries that ultimately led to the outbreak of war.

**Imperialism and Nationalism**

In the late 19th and early 20th centuries, European powers were engaged in a fierce competition for colonies, resources, and influence around the world. This competition fueled nationalist sentiments and created an atmosphere of tension and rivalry among nations. The scramble for Africa, in particular, led to the division of the continent among European powers, with Germany, France, Britain, and Belgium vying for control.

**The System of Alliances**

The complex system of alliances between European powers created a situation in which a small conflict could quickly escalate into a larger war. The main alliances were:

1. **Triple Entente**: France, Britain, and Russia formed an alliance to counterbalance the growing power of Germany.
2. **Triple Alliance**: Germany, Austria-Hungary, and Italy formed an alliance to counterbalance the power of France and Russia.

**The Assassination of Archduke Franz Ferdinand**

On June 28, 1914, the heir to the Aust",196,5,5,4,5,"The response provides a clear and well-organized explanation of the causes of World War I, covering key factors such as imperialism, nationalism, alliance systems, and the assassination of Archduke Franz Ferdinand. However, it could benefit from a more comprehensive discussion of the role of militarism in the lead-up to the war."
structured,You are a university history professor. Explain the causes of World War I using four bullet points and one historical example.,"As a university history professor, I'd be happy to explain the causes of World War I using four key points and a historical example.

**Causes of World War I:**

* **Imperialism and Nationalism**: The late 19th and early 20th centuries saw a surge in imperialism, where European powers competed for colonies and resources around the world. This competition fueled nationalist sentiments, as each nation sought to assert its dominance and prestige. Nationalism led to an increase in militarism, as nations built up their armed forces to protect their interests.
* **Militarism and the Arms Race**: The buildup of military forces and the development of new technologies, such as tanks and poison gas, created an atmosphere of tension and competition among nations. The arms race between Germany and Britain, for example, contributed to the escalation of tensions in Europe.
* **Alliances and Entangling Agreements**: The complex system of alliances and entangling agreements between European powers created a situation in which a small conflict could quickly escalate into a larger war. The Triple Entente (France, Britain, and Russia) and the Triple Alliance (Germany, Austria-Hungary, and Italy) were two rival alliances that drew more and more nations into the conflict.
* **The Assassination of Archdu",200,5,5,4,5,"The response is well-organized and clearly explains the causes of World War I. However, it could be more comprehensive by including the role of economic factors and the Balkan Wars in the lead-up to the war. The response is accurate in its description of the causes, but it would benefit from a more detailed historical example to illustrate each point."
few_shot,"Example task: Explain the causes of the French Revolution.
Example answer:
- Financial crisis weakened the monarchy.
- Social inequality increased resentment among the Third Estate.
- Enlightenment ideas challenged absolute rule.
- Political mismanagement deepened unrest.
Historical example: The storming of the Bastille symbolized the collapse of royal authority.

Now explain the causes of World War I using the same format.","Example task: Explain the causes of World War I.
Example answer:
- Imperialism and nationalism fueled competition among European powers.
- The complex system of alliances created a volatile environment.
- Militarism and the buildup of military forces increased tensions.
- The assassination of Archduke Franz Ferdinand sparked a chain reaction.
Historical example: The outbreak of war in 1914 marked the beginning of a devastating global conflict.",63,4,5,4,5,"The response clearly explains the causes of World War I, but could benefit from a more detailed historical example to support its claims."
chain_of_thought,"Think step by step about the major geopolitical causes of World War I. After reasoning through the problem, present the answer in five numbered points and a concluding sentence.","To analyze the major geopolitical causes of World War I, let's break down the key factors step by step:

1. **Imperialism and Competition for Resources**: European powers, such as Britain, France, Germany, and Belgium, were competing for colonies, resources, and influence in Africa and Asia. This competition led to tensions and rivalries between nations, which ultimately contributed to the outbreak of war.

2. **Militarism and the Arms Race**: The buildup of military forces and the development of new technologies, such as tanks and submarines, created an atmosphere of tension and aggression. The arms race between Germany and Britain, in particular, contributed to the escalation of the conflict.

3. **Nationalism and Ethnic Tensions**: The rise of nationalist sentiment in various countries, including Germany, Austria-Hungary, and Serbia, created an environment in which ethnic and national tensions could boil over into conflict. The complex system of alliances and rivalries between nations made it difficult to resolve these tensions peacefully.

4. **Alliances and the System of Entangling Agreements**: The complex system of alliances between European powers, including the Triple Entente (France, Britain, and Russia) and the Triple Alliance (Germany, Austria-Hungary, and Italy), created a situation in which a small",198,5,5,4,5,"The response provides a clear and well-structured explanation of the causes of World War I, covering key factors such as imperialism, militarism, nationalism, and alliances. However, it could be more comprehensive by including the assassination of Archduke Franz Ferdinand as a direct trigger for the war."
